location,Latitude,SunInclination,Altitude
2,54.859923,-4,10
3,54.864382,-4,10
4,54.866979,-4,10
5,54.86392,-4,10
6,54.870685,-4,10
7,54.812111,-4,10
8,54.784146,-4,10
10,54.803011,-4,10
11,54.798704,-4,10
14,54.824502,-4,10
16,54.74231,-4,10
17,54.720941,-4,10
18,54.749338,-4,10
19,54.752138,-4,10
20,54.748731,-4,10
21,54.751597,-4,10
22,54.733011,-4,10
23,54.721614,-4,10
24,54.735342,-4,10
25,54.741264,-4,10
27,54.657675,-4,10
28,54.639415,-4,10
29,54.677056,-4,10
30,54.673389,-4,10
31,54.661728,-4,10
32,54.655959,-4,10
33,54.650243,-4,10
35,54.580002,-4,10
36,54.607705,-4,10
37,54.569688,-4,10
38,54.602842,-4,10
41,54.596727,-4,10
42,54.612309,-4,10
43,54.576428,-4,10
46,54.510717,-4,10
48,54.49096,-4,10
49,54.499306,-4,10
50,54.516585,-4,10
52,54.490912,-4,10
57,54.467157,-4,10
58,54.429407,-4,10
59,54.433894,-4,10
60,54.434732,-4,10
62,54.461026,-4,10
63,54.448351,-4,10
64,54.450193,-4,10
65,54.429198,-4,10
66,54.45932,-4,10
67,54.44832,-4,10
68,54.431522,-4,10
71,54.409864,-4,10
73,54.396936,-4,10
74,54.390791,-4,10
75,54.371529,-4,10
76,54.384386,-4,10
77,54.373065,-4,10
78,54.358906,-4,10
80,54.396643,-4,10
81,54.37991,-4,10
82,54.361408,-4,10
83,54.372827,-4,10
84,54.393189,-4,10
85,54.377871,-4,10
86,54.37514,-4,10
87,54.394091,-4,10
88,54.355046,-4,10
89,54.366726,-4,10
91,54.356289,-4,10
92,54.321723,-4,10
93,54.327045,-4,10
95,54.34088,-4,10
96,54.306334,-4,10
98,54.300791,-4,10
100,54.291085,-4,10
101,54.307946,-4,10
102,54.291932,-4,10
104,54.316287,-4,10
106,54.30721,-4,10
107,54.298129,-4,10
112,54.304471,-4,10
113,54.308182,-4,10
114,54.2943,-4,10
116,54.305254,-4,10
119,54.264379,-4,10
120,54.257052,-4,10
121,54.273505,-4,10
123,54.240237,-4,10
124,54.234951,-4,10
125,54.23014,-4,10
126,54.212894,-4,10
127,54.242336,-4,10
128,54.221206,-4,10
129,54.210269,-4,10
131,54.211149,-4,10
132,54.214354,-4,10
134,54.239864,-4,10
136,54.254299,-4,10
137,54.225662,-4,10
138,54.224849,-4,10
140,54.244708,-4,10
141,54.219498,-4,10
144,54.203509,-4,10
145,54.221989,-4,10
146,54.201988,-4,10
147,54.184837,-4,10
148,54.194392,-4,10
149,54.189792,-4,10
150,54.165115,-4,10
151,54.156877,-4,10
152,54.14441,-4,10
153,54.157869,-4,10
155,54.166361,-4,10
156,54.1726,-4,10
158,54.153589,-4,10
160,54.146746,-4,10
161,54.173492,-4,10
162,54.150725,-4,10
166,54.173964,-4,10
167,54.146479,-4,10
170,54.156629,-4,10
171,54.123657,-4,10
172,54.121321,-4,10
175,54.119167,-4,10
176,54.139066,-4,10
177,54.11029,-4,10
179,54.121211,-4,10
181,54.105706,-4,10
182,54.106941,-4,10
183,54.122035,-4,10
185,54.082606,-4,10
186,54.073301,-4,10
187,54.06448,-4,10
188,54.098926,-4,10
190,54.088815,-4,10
191,54.099609,-4,10
192,54.08196,-4,10
193,54.090896,-4,10
194,54.084273,-4,10
195,54.075565,-4,10
197,54.060357,-4,10
198,54.069081,-4,10
200,54.072847,-4,10
201,54.084248,-4,10
202,54.070612,-4,10
203,54.088459,-4,10
205,54.082585,-4,10
206,54.069498,-4,10
207,54.043712,-4,10
208,54.059111,-4,10
210,54.038126,-4,10
211,54.059557,-4,10
212,54.057623,-4,10
213,54.049753,-4,10
214,54.015076,-4,10
215,54.040144,-4,10
219,54.020335,-4,10
220,54.000776,-4,10
221,53.996442,-4,10
222,54.01065,-4,10
225,54.02678,-4,10
229,54.02433,-4,10
230,54.017689,-4,10
232,53.997588,-4,10
233,53.99473,-4,10
234,53.980218,-4,10
236,53.990122,-4,10
237,54.002707,-4,10
238,53.989874,-4,10
240,53.981224,-4,10
241,53.972445,-4,10
242,53.992882,-4,10
243,53.996391,-4,10
244,53.980665,-4,10
245,53.986615,-4,10
246,53.956734,-4,10
247,53.990469,-4,10
249,53.95257,-4,10
250,53.956883,-4,10
251,53.968996,-4,10
252,53.941969,-4,10
253,53.933186,-4,10
254,53.947327,-4,10
255,53.962504,-4,10
257,53.941714,-4,10
258,53.921435,-4,10
259,53.928071,-4,10
260,53.919061,-4,10
261,53.953859,-4,10
262,53.921789,-4,10
263,53.931699,-4,10
264,53.929376,-4,10
265,53.944063,-4,10
266,53.945859,-4,10
269,53.951397,-4,10
270,53.941464,-4,10
271,53.932438,-4,10
272,53.935337,-4,10
273,53.914519,-4,10
274,53.911961,-4,10
276,53.918044,-4,10
277,53.920464,-4,10
278,53.904197,-4,10
279,53.920233,-4,10
280,53.914856,-4,10
281,53.925449,-4,10
283,53.929106,-4,10
284,53.903706,-4,10
285,53.888225,-4,10
286,53.908413,-4,10
287,53.890793,-4,10
288,53.905326,-4,10
289,53.906541,-4,10
290,53.888705,-4,10
291,53.876678,-4,10
292,53.8729,-4,10
293,53.90603,-4,10
294,53.899,-4,10
295,53.914492,-4,10
297,53.89056,-4,10
300,53.881224,-4,10
301,53.878416,-4,10
304,53.850554,-4,10
305,53.857628,-4,10
306,53.85715,-4,10
308,53.853254,-4,10
309,53.849912,-4,10
313,53.85084,-4,10
316,53.853201,-4,10
317,53.873038,-4,10
318,53.869889,-4,10
320,53.873098,-4,10
322,53.854798,-4,10
323,53.838268,-4,10
324,53.837341,-4,10
325,53.836751,-4,10
326,53.865313,-4,10
328,53.853092,-4,10
329,53.844116,-4,10
330,53.85079,-4,10
331,53.826957,-4,10
332,53.806305,-4,10
333,53.818474,-4,10
334,53.799794,-4,10
335,53.808781,-4,10
336,53.799119,-4,10
338,53.779834,-4,10
339,53.803229,-4,10
341,53.772042,-4,10
344,53.811234,-4,10
345,53.803154,-4,10
346,53.817497,-4,10
347,53.792428,-4,10
348,53.815744,-4,10
349,53.782866,-4,10
350,53.818059,-4,10
351,53.788562,-4,10
353,53.805824,-4,10
354,53.808754,-4,10
356,53.814564,-4,10
357,53.788061,-4,10
358,53.766085,-4,10
361,53.776156,-4,10
364,53.770253,-4,10
365,53.764859,-4,10
366,53.762531,-4,10
368,53.767211,-4,10
371,53.793381,-4,10
372,53.761423,-4,10
373,53.756598,-4,10
374,53.777052,-4,10
375,53.750963,-4,10
377,53.723733,-4,10
379,53.756051,-4,10
380,53.723866,-4,10
383,53.710405,-4,10
384,53.684031,-4,10
385,53.684462,-4,10
386,53.735051,-4,10
387,53.71189,-4,10
388,53.739057,-4,10
390,53.70417,-4,10
391,53.724648,-4,10
393,53.747628,-4,10
394,53.723819,-4,10
395,53.719837,-4,10
399,53.720897,-4,10
400,53.739159,-4,10
401,53.740759,-4,10
402,53.713124,-4,10
406,53.736354,-4,10
408,53.706759,-4,10
409,53.726091,-4,10
410,53.72198,-4,10
411,53.726947,-4,10
412,53.703165,-4,10
413,53.696552,-4,10
414,53.711232,-4,10
416,53.70877,-4,10
417,53.698216,-4,10
418,53.672859,-4,10
419,53.716497,-4,10
421,53.681447,-4,10
422,53.710904,-4,10
423,53.678636,-4,10
426,53.655602,-4,10
427,53.654738,-4,10
428,53.644551,-4,10
429,53.67638,-4,10
430,53.650155,-4,10
434,53.646681,-4,10
435,53.650334,-4,10
436,53.643579,-4,10
437,53.639561,-4,10
438,53.619519,-4,10
439,53.63823,-4,10
440,53.636242,-4,10
441,53.6704,-4,10
442,53.641054,-4,10
443,53.671177,-4,10
445,53.644069,-4,10
446,53.628585,-4,10
447,53.639632,-4,10
449,53.639413,-4,10
450,53.639428,-4,10
455,53.642124,-4,10
456,53.640896,-4,10
458,53.667545,-4,10
461,53.664988,-4,10
462,53.638947,-4,10
464,53.622012,-4,10
469,53.652736,-4,10
471,53.630768,-4,10
473,53.615184,-4,10
474,53.63812,-4,10
476,53.599573,-4,10
477,53.60796,-4,10
478,53.601636,-4,10
479,53.615953,-4,10
480,53.598523,-4,10
483,53.580204,-4,10
486,53.559887,-4,10
488,53.523993,-4,10
489,53.544222,-4,10
490,53.539687,-4,10
493,53.578873,-4,10
497,53.560189,-4,10
499,53.574518,-4,10
500,53.553001,-4,10
501,53.592875,-4,10
502,53.567939,-4,10
504,53.561318,-4,10
507,53.578515,-4,10
511,53.588603,-4,10
512,53.580353,-4,10
513,53.580533,-4,10
514,53.565949,-4,10
515,53.581838,-4,10
517,53.570425,-4,10
518,53.588672,-4,10
519,53.564067,-4,10
520,53.579436,-4,10
521,53.578356,-4,10
522,53.573932,-4,10
523,53.573866,-4,10
524,53.552389,-4,10
526,53.554277,-4,10
527,53.544638,-4,10
532,53.569711,-4,10
533,53.570451,-4,10
534,53.551296,-4,10
536,53.549635,-4,10
539,53.51167,-4,10
540,53.544088,-4,10
541,53.527145,-4,10
542,53.520348,-4,10
543,53.503909,-4,10
544,53.496662,-4,10
546,53.459699,-4,10
547,53.472625,-4,10
548,53.484541,-4,10
551,53.511061,-4,10
553,53.513278,-4,10
554,53.487298,-4,10
561,53.517181,-4,10
562,53.486335,-4,10
564,53.529454,-4,10
566,53.495973,-4,10
567,53.516637,-4,10
569,53.529477,-4,10
573,53.51117,-4,10
574,53.500808,-4,10
576,53.492846,-4,10
577,53.490452,-4,10
578,53.52743,-4,10
579,53.526178,-4,10
580,53.518831,-4,10
581,53.499361,-4,10
582,53.501378,-4,10
583,53.477033,-4,10
584,53.484621,-4,10
585,53.504665,-4,10
587,53.492448,-4,10
590,53.500426,-4,10
596,53.48815,-4,10
597,53.48087,-4,10
600,53.468612,-4,10
601,53.437896,-4,10
602,53.457741,-4,10
603,53.43791,-4,10
604,53.434812,-4,10
605,53.413416,-4,10
606,53.388748,-4,10
607,53.407192,-4,10
608,53.435072,-4,10
609,53.433643,-4,10
611,53.39395,-4,10
612,53.43909,-4,10
614,53.41396,-4,10
615,53.449185,-4,10
617,53.435518,-4,10
618,53.428045,-4,10
619,53.435719,-4,10
620,53.440862,-4,10
622,53.42707,-4,10
624,53.431354,-4,10
625,53.418555,-4,10
626,53.459472,-4,10
629,53.423923,-4,10
630,53.442841,-4,10
631,53.447747,-4,10
634,53.44638,-4,10
635,53.448586,-4,10
637,53.451927,-4,10
638,53.427268,-4,10
639,53.424657,-4,10
641,53.415397,-4,10
642,53.4411,-4,10
645,53.417073,-4,10
647,53.438855,-4,10
649,53.42175,-4,10
656,53.400734,-4,10
658,53.370697,-4,10
659,53.398093,-4,10
660,53.378268,-4,10
661,53.352985,-4,10
662,53.391945,-4,10
663,53.371207,-4,10
664,53.381154,-4,10
667,53.349182,-4,10
668,53.354637,-4,10
669,53.322314,-4,10
670,53.339491,-4,10
673,53.33865,-4,10
677,53.368421,-4,10
678,53.337196,-4,10
680,53.378198,-4,10
681,53.344211,-4,10
683,53.374795,-4,10
684,53.34342,-4,10
685,53.372364,-4,10
686,53.36661,-4,10
689,53.356437,-4,10
690,53.362646,-4,10
691,53.344923,-4,10
692,53.368877,-4,10
695,53.365111,-4,10
696,53.337046,-4,10
697,53.358078,-4,10
699,53.357328,-4,10
702,53.360461,-4,10
703,53.336782,-4,10
705,53.356128,-4,10
708,53.355317,-4,10
709,53.339756,-4,10
711,53.349517,-4,10
717,53.293821,-4,10
718,53.317607,-4,10
720,53.308336,-4,10
721,53.313594,-4,10
722,53.293186,-4,10
723,53.281554,-4,10
724,53.314399,-4,10
725,53.283183,-4,10
726,53.257267,-4,10
728,53.281795,-4,10
731,53.278563,-4,10
733,53.290648,-4,10
734,53.292346,-4,10
738,53.27244,-4,10
742,53.291531,-4,10
745,53.292761,-4,10
750,53.282967,-4,10
751,53.31024,-4,10
752,53.294518,-4,10
753,53.282953,-4,10
756,53.290037,-4,10
757,53.305106,-4,10
758,53.293541,-4,10
760,53.273184,-4,10
761,53.272103,-4,10
762,53.289809,-4,10
763,53.264035,-4,10
764,53.29576,-4,10
769,53.283074,-4,10
781,53.251006,-4,10
782,53.238193,-4,10
784,53.23596,-4,10
786,53.201767,-4,10
787,53.217774,-4,10
789,53.205622,-4,10
790,53.204863,-4,10
796,53.238983,-4,10
798,53.207823,-4,10
799,53.206766,-4,10
800,53.215729,-4,10
801,53.224722,-4,10
804,53.213055,-4,10
805,53.200028,-4,10
806,53.222638,-4,10
808,53.240301,-4,10
809,53.205321,-4,10
811,53.223206,-4,10
813,53.213331,-4,10
814,53.218591,-4,10
815,53.225721,-4,10
816,53.218527,-4,10
818,53.214736,-4,10
819,53.197228,-4,10
820,53.198135,-4,10
822,53.208533,-4,10
823,53.219927,-4,10
824,53.193975,-4,10
825,53.226298,-4,10
826,53.199546,-4,10
827,53.203028,-4,10
828,53.214792,-4,10
829,53.2134,-4,10
833,53.180469,-4,10
839,53.164138,-4,10
840,53.144452,-4,10
841,53.151206,-4,10
847,53.105834,-4,10
849,53.121102,-4,10
853,53.132577,-4,10
855,53.146566,-4,10
857,53.143884,-4,10
858,53.142307,-4,10
859,53.141354,-4,10
860,53.124878,-4,10
861,53.145432,-4,10
863,53.147678,-4,10
864,53.160221,-4,10
865,53.140976,-4,10
866,53.141349,-4,10
868,53.138296,-4,10
869,53.173276,-4,10
870,53.138852,-4,10
874,53.173126,-4,10
879,53.168978,-4,10
880,53.128415,-4,10
883,53.124052,-4,10
884,53.115591,-4,10
887,53.127406,-4,10
889,53.120979,-4,10
892,53.118594,-4,10
896,53.09058,-4,10
899,53.119291,-4,10
900,53.06965,-4,10
901,53.09191,-4,10
902,53.066247,-4,10
903,53.083998,-4,10
911,53.068735,-4,10
915,53.085327,-4,10
918,53.067613,-4,10
922,53.082465,-4,10
924,53.053779,-4,10
938,53.074762,-4,10
940,53.062216,-4,10
942,53.045462,-4,10
944,53.061524,-4,10
945,53.072305,-4,10
946,53.055863,-4,10
947,53.055147,-4,10
950,53.051135,-4,10
954,53.031941,-4,10
955,53.012803,-4,10
956,53.048048,-4,10
960,53.012803,-4,10
962,53.030035,-4,10
963,52.99301,-4,10
964,53.008285,-4,10
965,52.97752,-4,10
966,52.990927,-4,10
967,52.986377,-4,10
968,53.000944,-4,10
969,52.995074,-4,10
970,52.983847,-4,10
971,52.997353,-4,10
972,53.005001,-4,10
974,52.992068,-4,10
975,53.01358,-4,10
979,52.984183,-4,10
981,52.991474,-4,10
986,53.009164,-4,10
988,52.999903,-4,10
992,53.000967,-4,10
993,53.011164,-4,10
994,53.013216,-4,10
995,52.988115,-4,10
997,53.006787,-4,10
999,53.00772,-4,10
1001,52.996471,-4,10
1002,52.991847,-4,10
1003,52.990054,-4,10
1005,52.976621,-4,10
1007,52.981145,-4,10
1009,52.971833,-4,10
1010,52.990081,-4,10
1014,52.978049,-4,10
1015,52.969164,-4,10
1016,52.93896,-4,10
1022,52.927889,-4,10
1023,52.877435,-4,10
1024,52.882544,-4,10
1025,52.910977,-4,10
1030,52.939342,-4,10
1033,52.939559,-4,10
1037,52.915959,-4,10
1055,52.907544,-4,10
1059,52.906822,-4,10
1060,52.93627,-4,10
1061,52.930881,-4,10
1062,52.907198,-4,10
1063,52.941183,-4,10
1064,52.921978,-4,10
1065,52.911219,-4,10
1066,52.918252,-4,10
1067,52.900923,-4,10
1068,52.925942,-4,10
1069,52.899621,-4,10
1070,52.893142,-4,10
1071,52.897318,-4,10
1072,52.891237,-4,10
1073,52.89036,-4,10
1074,52.873237,-4,10
1075,52.909806,-4,10
1076,52.871673,-4,10
1078,52.883381,-4,10
1080,52.883547,-4,10
1081,52.857733,-4,10
1082,52.837077,-4,10
1086,52.834776,-4,10
1090,52.85229,-4,10
1091,52.835751,-4,10
1092,52.836237,-4,10
1096,52.857788,-4,10
1101,52.847757,-4,10
1102,52.859158,-4,10
1106,52.855916,-4,10
1113,52.87047,-4,10
1115,52.851312,-4,10
1118,52.868753,-4,10
1119,52.86684,-4,10
1121,52.856316,-4,10
1122,52.846904,-4,10
1123,52.846462,-4,10
1125,52.856678,-4,10
1127,52.828084,-4,10
1128,52.84017,-4,10
1129,52.812271,-4,10
1133,52.80009,-4,10
1140,52.780787,-4,10
1141,52.776152,-4,10
1142,52.771172,-4,10
1143,52.744438,-4,10
1145,52.786627,-4,10
1147,52.775846,-4,10
1150,52.76327,-4,10
1151,52.768907,-4,10
1155,52.778724,-4,10
1157,52.786375,-4,10
1158,52.766285,-4,10
1160,52.787729,-4,10
1162,52.809211,-4,10
1163,52.789302,-4,10
1167,52.794684,-4,10
1169,52.801079,-4,10
1171,52.809435,-4,10
1173,52.793262,-4,10
1174,52.790687,-4,10
1175,52.797104,-4,10
1176,52.7772,-4,10
1177,52.773688,-4,10
1178,52.767302,-4,10
1180,52.787687,-4,10
1181,52.778934,-4,10
1182,52.757669,-4,10
1183,52.776397,-4,10
1185,52.7845,-4,10
1186,52.778607,-4,10
1187,52.755574,-4,10
1188,52.739335,-4,10
1189,52.777175,-4,10
1190,52.73578,-4,10
1198,52.707135,-4,10
1199,52.742899,-4,10
1200,52.744274,-4,10
1201,52.718547,-4,10
1202,52.718052,-4,10
1203,52.713467,-4,10
1204,52.676391,-4,10
1205,52.674797,-4,10
1207,52.685399,-4,10
1209,52.682147,-4,10
1210,52.722472,-4,10
1211,52.723902,-4,10
1212,52.683461,-4,10
1218,52.718041,-4,10
1221,52.734348,-4,10
1222,52.717659,-4,10
1224,52.74251,-4,10
1225,52.715442,-4,10
1226,52.706264,-4,10
1231,52.708408,-4,10
1236,52.707944,-4,10
1237,52.696171,-4,10
1238,52.725409,-4,10
1239,52.713014,-4,10
1240,52.690968,-4,10
1241,52.714817,-4,10
1242,52.734483,-4,10
1243,52.685048,-4,10
1244,52.716643,-4,10
1245,52.69109,-4,10
1246,52.714466,-4,10
1247,52.697104,-4,10
1248,52.68325,-4,10
1249,52.682009,-4,10
1252,52.704959,-4,10
1254,52.681873,-4,10
1255,52.682913,-4,10
1256,52.675258,-4,10
1257,52.696432,-4,10
1258,52.648348,-4,10
1259,52.649303,-4,10
1260,52.66086,-4,10
1263,52.674954,-4,10
1264,52.636746,-4,10
1265,52.634101,-4,10
1266,52.63472,-4,10
1267,52.625147,-4,10
1272,52.60193,-4,10
1273,52.625293,-4,10
1275,52.628881,-4,10
1277,52.638996,-4,10
1284,52.636103,-4,10
1285,52.624576,-4,10
1286,52.636981,-4,10
1287,52.64312,-4,10
1288,52.637609,-4,10
1290,52.630517,-4,10
1291,52.636345,-4,10
1293,52.655483,-4,10
1296,52.634583,-4,10
1297,52.65657,-4,10
1298,52.668912,-4,10
1299,52.650255,-4,10
1300,52.651,-4,10
1304,52.631595,-4,10
1305,52.657541,-4,10
1307,52.624582,-4,10
1308,52.634463,-4,10
1310,52.630455,-4,10
1317,52.627875,-4,10
1318,52.641534,-4,10
1319,52.609552,-4,10
1323,52.608807,-4,10
1325,52.573541,-4,10
1327,52.564103,-4,10
1329,52.603719,-4,10
1331,52.576805,-4,10
1333,52.558492,-4,10
1334,52.567622,-4,10
1336,52.546443,-4,10
1337,52.555045,-4,10
1338,52.540874,-4,10
1340,52.549171,-4,10
1342,52.559708,-4,10
1344,52.537637,-4,10
1345,52.559221,-4,10
1348,52.563162,-4,10
1349,52.571434,-4,10
1351,52.54985,-4,10
1354,52.574078,-4,10
1358,52.572542,-4,10
1363,52.573203,-4,10
1369,52.57168,-4,10
1371,52.559668,-4,10
1372,52.595514,-4,10
1375,52.56962,-4,10
1377,52.578575,-4,10
1378,52.547588,-4,10
1379,52.570477,-4,10
1380,52.546692,-4,10
1382,52.550038,-4,10
1387,52.554891,-4,10
1389,52.545722,-4,10
1392,52.504909,-4,10
1398,52.483013,-4,10
1400,52.513465,-4,10
1401,52.504298,-4,10
1402,52.459786,-4,10
1406,52.492569,-4,10
1408,52.463953,-4,10
1412,52.500367,-4,10
1414,52.515564,-4,10
1415,52.514435,-4,10
1416,52.499948,-4,10
1418,52.49219,-4,10
1419,52.510107,-4,10
1428,52.495975,-4,10
1430,52.516826,-4,10
1431,52.505577,-4,10
1433,52.523985,-4,10
1434,52.490221,-4,10
1438,52.52158,-4,10
1441,52.49657,-4,10
1443,52.495836,-4,10
1444,52.511295,-4,10
1447,52.469477,-4,10
1448,52.461019,-4,10
1450,52.460124,-4,10
1451,52.459041,-4,10
1452,52.472346,-4,10
1453,52.463172,-4,10
1457,52.435871,-4,10
1464,52.427538,-4,10
1466,52.423509,-4,10
1467,52.389145,-4,10
1468,52.386841,-4,10
1471,52.402518,-4,10
1472,52.389408,-4,10
1474,52.421772,-4,10
1477,52.418161,-4,10
1478,52.436024,-4,10
1480,52.427533,-4,10
1484,52.428464,-4,10
1486,52.41073,-4,10
1488,52.419434,-4,10
1490,52.452317,-4,10
1493,52.454362,-4,10
1495,52.448654,-4,10
1496,52.429906,-4,10
1497,52.444234,-4,10
1503,52.421934,-4,10
1504,52.420471,-4,10
1505,52.441651,-4,10
1507,52.407082,-4,10
1508,52.439619,-4,10
1517,52.400386,-4,10
1520,52.374986,-4,10
1521,52.399727,-4,10
1522,52.399509,-4,10
1524,52.360386,-4,10
1527,52.362149,-4,10
1529,52.372479,-4,10
1530,52.350037,-4,10
1531,52.319821,-4,10
1537,52.350781,-4,10
1540,52.343686,-4,10
1543,52.328073,-4,10
1545,52.360308,-4,10
1546,52.376536,-4,10
1547,52.363214,-4,10
1551,52.371125,-4,10
1555,52.352555,-4,10
1557,52.357151,-4,10
1559,52.372705,-4,10
1561,52.358346,-4,10
1563,52.36875,-4,10
1565,52.343839,-4,10
1566,52.333003,-4,10
1567,52.335872,-4,10
1572,52.34716,-4,10
1574,52.325812,-4,10
1575,52.315212,-4,10
1576,52.323391,-4,10
1577,52.352651,-4,10
1578,52.336496,-4,10
1582,52.316723,-4,10
1583,52.310755,-4,10
1586,52.282836,-4,10
1588,52.310065,-4,10
1593,52.277034,-4,10
1596,52.246984,-4,10
1597,52.240968,-4,10
1598,52.233319,-4,10
1599,52.268403,-4,10
1600,52.247906,-4,10
1601,52.269652,-4,10
1602,52.28009,-4,10
1606,52.249319,-4,10
1607,52.273409,-4,10
1608,52.290273,-4,10
1609,52.281653,-4,10
1612,52.30517,-4,10
1613,52.274831,-4,10
1615,52.269769,-4,10
1618,52.303006,-4,10
1619,52.305206,-4,10
1620,52.294105,-4,10
1622,52.281235,-4,10
1627,52.280443,-4,10
1629,52.263383,-4,10
1630,52.28321,-4,10
1633,52.286807,-4,10
1635,52.267406,-4,10
1636,52.267378,-4,10
1638,52.257575,-4,10
1643,52.264066,-4,10
1647,52.232442,-4,10
1648,52.248703,-4,10
1649,52.230578,-4,10
1651,52.224263,-4,10
1654,52.21017,-4,10
1656,52.214766,-4,10
1658,52.21169,-4,10
1661,52.154673,-4,10
1662,52.171797,-4,10
1663,52.199028,-4,10
1664,52.185378,-4,10
1665,52.197872,-4,10
1666,52.185039,-4,10
1667,52.20813,-4,10
1668,52.193002,-4,10
1671,52.218094,-4,10
1672,52.214232,-4,10
1673,52.196608,-4,10
1676,52.193917,-4,10
1677,52.222129,-4,10
1678,52.205077,-4,10
1683,52.207636,-4,10
1687,52.192793,-4,10
1688,52.215077,-4,10
1689,52.23691,-4,10
1690,52.232741,-4,10
1694,52.212724,-4,10
1697,52.220808,-4,10
1698,52.21211,-4,10
1699,52.22794,-4,10
1700,52.185306,-4,10
1702,52.222977,-4,10
1703,52.194253,-4,10
1705,52.183507,-4,10
1707,52.1886,-4,10
1711,52.176673,-4,10
1716,52.180808,-4,10
1722,52.125356,-4,10
1723,52.125096,-4,10
1725,52.112386,-4,10
1726,52.136181,-4,10
1727,52.09242,-4,10
1731,52.102398,-4,10
1732,52.09758,-4,10
1733,52.118003,-4,10
1734,52.096914,-4,10
1735,52.143094,-4,10
1737,52.135517,-4,10
1738,52.123085,-4,10
1741,52.132355,-4,10
1742,52.135215,-4,10
1743,52.119264,-4,10
1744,52.122904,-4,10
1746,52.128535,-4,10
1747,52.127595,-4,10
1752,52.135051,-4,10
1753,52.126173,-4,10
1757,52.140353,-4,10
1758,52.138003,-4,10
1759,52.147442,-4,10
1761,52.165822,-4,10
1764,52.116924,-4,10
1765,52.146737,-4,10
1766,52.12025,-4,10
1767,52.138664,-4,10
1769,52.13376,-4,10
1770,52.151428,-4,10
1771,52.150739,-4,10
1772,52.125821,-4,10
1773,52.115845,-4,10
1775,52.133453,-4,10
1777,52.090012,-4,10
1780,52.096616,-4,10
1781,52.104134,-4,10
1789,52.058944,-4,10
1790,52.073528,-4,10
1791,52.070334,-4,10
1795,52.037357,-4,10
1797,52.03928,-4,10
1798,52.0323,-4,10
1799,52.029992,-4,10
1800,52.029995,-4,10
1801,52.039198,-4,10
1802,52.061312,-4,10
1803,52.070833,-4,10
1805,52.040424,-4,10
1806,52.042076,-4,10
1807,52.050782,-4,10
1808,52.068738,-4,10
1810,52.075804,-4,10
1811,52.078755,-4,10
1812,52.074119,-4,10
1815,52.057059,-4,10
1818,52.064298,-4,10
1819,52.0726,-4,10
1821,52.094791,-4,10
1822,52.052956,-4,10
1824,52.06125,-4,10
1825,52.086798,-4,10
1826,52.055174,-4,10
1828,52.092766,-4,10
1831,52.077438,-4,10
1832,52.0668,-4,10
1833,52.088171,-4,10
1834,52.066865,-4,10
1835,52.072861,-4,10
1837,52.063867,-4,10
1842,52.041331,-4,10
1847,52.051371,-4,10
1850,52.036158,-4,10
1854,52.020945,-4,10
1864,51.972805,-4,10
1865,51.975869,-4,10
1866,51.956489,-4,10
1868,51.96894,-4,10
1869,51.962167,-4,10
1870,51.961883,-4,10
1872,51.988888,-4,10
1874,51.988624,-4,10
1876,51.979363,-4,10
1877,51.989297,-4,10
1878,51.978279,-4,10
1881,51.994311,-4,10
1882,51.977393,-4,10
1886,51.985691,-4,10
1887,51.991428,-4,10
1888,51.978942,-4,10
1889,52.013794,-4,10
1890,52.000939,-4,10
1891,51.985953,-4,10
1893,51.997274,-4,10
1894,52.006218,-4,10
1895,51.998784,-4,10
1896,52.000572,-4,10
1897,51.984719,-4,10
1899,51.989495,-4,10
1900,52.015271,-4,10
1901,51.987133,-4,10
1902,51.985754,-4,10
1903,51.987645,-4,10
1904,52.003508,-4,10
1905,52.002504,-4,10
1907,51.966832,-4,10
1908,51.9746,-4,10
1909,51.985163,-4,10
1912,51.979241,-4,10
1914,51.948673,-4,10
1916,51.965169,-4,10
1917,51.968842,-4,10
1918,51.940963,-4,10
1923,51.926788,-4,10
1924,51.946463,-4,10
1926,51.941378,-4,10
1927,51.92868,-4,10
1930,51.906881,-4,10
1931,51.905677,-4,10
1933,51.879646,-4,10
1934,51.885297,-4,10
1936,51.886464,-4,10
1937,51.885788,-4,10
1938,51.883126,-4,10
1941,51.876721,-4,10
1942,51.914536,-4,10
1943,51.897048,-4,10
1944,51.917717,-4,10
1945,51.896248,-4,10
1946,51.928578,-4,10
1947,51.908644,-4,10
1948,51.910294,-4,10
1949,51.911162,-4,10
1951,51.930813,-4,10
1952,51.906851,-4,10
1955,51.916698,-4,10
1957,51.912665,-4,10
1962,51.927481,-4,10
1967,51.937396,-4,10
1969,51.91618,-4,10
1970,51.905543,-4,10
1971,51.913539,-4,10
1972,51.947756,-4,10
1973,51.93078,-4,10
1974,51.946859,-4,10
1975,51.922032,-4,10
1976,51.896232,-4,10
1978,51.928516,-4,10
1980,51.899864,-4,10
1982,51.890221,-4,10
1983,51.930262,-4,10
1984,51.913717,-4,10
1986,51.875864,-4,10
1988,51.885489,-4,10
1990,51.899745,-4,10
1992,51.88895,-4,10
1993,51.872574,-4,10
1994,51.861875,-4,10
1997,51.85266,-4,10
2001,51.845069,-4,10
2004,51.765348,-4,10
2005,51.807687,-4,10
2006,51.782302,-4,10
2007,51.794502,-4,10
2008,51.789087,-4,10
2009,51.805307,-4,10
2010,51.802279,-4,10
2011,51.798452,-4,10
2012,51.836528,-4,10
2013,51.796406,-4,10
2014,51.814065,-4,10
2015,51.838983,-4,10
2016,51.82445,-4,10
2017,51.825185,-4,10
2018,51.816618,-4,10
2020,51.828648,-4,10
2022,51.834342,-4,10
2023,51.857019,-4,10
2026,51.87103,-4,10
2027,51.865659,-4,10
2030,51.827794,-4,10
2031,51.84853,-4,10
2032,51.829963,-4,10
2034,51.879309,-4,10
2037,51.868772,-4,10
2046,51.845482,-4,10
2047,51.839701,-4,10
2048,51.870638,-4,10
2049,51.841316,-4,10
2050,51.848964,-4,10
2051,51.859988,-4,10
2052,51.865834,-4,10
2053,51.831092,-4,10
2054,51.833847,-4,10
2055,51.820534,-4,10
2056,51.849738,-4,10
2060,51.826979,-4,10
2062,51.839728,-4,10
2063,51.843115,-4,10
2064,51.797317,-4,10
2065,51.80079,-4,10
2066,51.824604,-4,10
2071,51.808802,-4,10
2072,51.807397,-4,10
2075,51.786724,-4,10
2077,51.784219,-4,10
2078,51.757657,-4,10
2079,51.742671,-4,10
2080,51.728094,-4,10
2081,51.720383,-4,10
2082,51.73594,-4,10
2083,51.723669,-4,10
2084,51.732397,-4,10
2085,51.739766,-4,10
2086,51.745403,-4,10
2087,51.741615,-4,10
2092,51.748642,-4,10
2093,51.755426,-4,10
2094,51.778822,-4,10
2095,51.76604,-4,10
2096,51.76026,-4,10
2097,51.788656,-4,10
2098,51.755429,-4,10
2099,51.783374,-4,10
2100,51.78881,-4,10
2101,51.753446,-4,10
2107,51.773635,-4,10
2110,51.797847,-4,10
2111,51.789896,-4,10
2112,51.778914,-4,10
2113,51.780588,-4,10
2114,51.762389,-4,10
2120,51.763524,-4,10
2122,51.762888,-4,10
2123,51.800688,-4,10
2124,51.76432,-4,10
2125,51.791375,-4,10
2126,51.78005,-4,10
2127,51.757797,-4,10
2128,51.775761,-4,10
2129,51.783647,-4,10
2130,51.754955,-4,10
2131,51.789347,-4,10
2134,51.756546,-4,10
2136,51.747567,-4,10
2138,51.726235,-4,10
2139,51.737307,-4,10
2142,51.733464,-4,10
2144,51.715152,-4,10
2146,51.725006,-4,10
2148,51.700598,-4,10
2152,51.67256,-4,10
2155,51.656711,-4,10
2157,51.652649,-4,10
2158,51.653291,-4,10
2159,51.673149,-4,10
2164,51.695262,-4,10
2165,51.686779,-4,10
2166,51.665918,-4,10
2169,51.682568,-4,10
2170,51.712289,-4,10
2171,51.71359,-4,10
2172,51.707856,-4,10
2173,51.713399,-4,10
2174,51.716152,-4,10
2175,51.685239,-4,10
2179,51.730978,-4,10
2181,51.690761,-4,10
2182,51.707653,-4,10
2185,51.720404,-4,10
2186,51.699403,-4,10
2188,51.701278,-4,10
2193,51.725719,-4,10
2199,51.719493,-4,10
2201,51.707372,-4,10
2202,51.725236,-4,10
2203,51.690975,-4,10
2204,51.674795,-4,10
2205,51.688057,-4,10
2206,51.681133,-4,10
2210,51.698987,-4,10
2211,51.694237,-4,10
2212,51.658293,-4,10
2214,51.648671,-4,10
2215,51.672605,-4,10
2217,51.655679,-4,10
2219,51.656942,-4,10
2220,51.632299,-4,10
2222,51.627995,-4,10
2223,51.647178,-4,10
2224,51.63408,-4,10
2229,51.579674,-4,10
2230,51.579199,-4,10
2233,51.582906,-4,10
2234,51.605615,-4,10
2235,51.607342,-4,10
2238,51.587031,-4,10
2241,51.620852,-4,10
2242,51.616602,-4,10
2244,51.645516,-4,10
2245,51.641014,-4,10
2246,51.622156,-4,10
2247,51.630705,-4,10
2250,51.620966,-4,10
2251,51.623811,-4,10
2252,51.648117,-4,10
2253,51.650306,-4,10
2254,51.644758,-4,10
2259,51.629205,-4,10
2260,51.650818,-4,10
2262,51.660912,-4,10
2273,51.615245,-4,10
2274,51.63544,-4,10
2275,51.647831,-4,10
2276,51.628835,-4,10
2277,51.630715,-4,10
2282,51.601485,-4,10
2284,51.624207,-4,10
2285,51.617608,-4,10
2287,51.595078,-4,10
2289,51.579217,-4,10
2290,51.572536,-4,10
2291,51.589912,-4,10
2300,51.528361,-4,10
2301,51.531948,-4,10
2302,51.525111,-4,10
2303,51.501552,-4,10
2304,51.516264,-4,10
2306,51.541681,-4,10
2311,51.544956,-4,10
2318,51.53076,-4,10
2319,51.549915,-4,10
2320,51.559725,-4,10
2321,51.569384,-4,10
2322,51.544728,-4,10
2324,51.539331,-4,10
2327,51.559043,-4,10
2330,51.583156,-4,10
2338,51.562109,-4,10
2340,51.579276,-4,10
2347,51.563814,-4,10
2348,51.550671,-4,10
2349,51.556393,-4,10
2350,51.538469,-4,10
2351,51.559403,-4,10
2353,51.5257,-4,10
2354,51.551239,-4,10
2355,51.534128,-4,10
2357,51.554581,-4,10
2358,51.524824,-4,10
2359,51.513878,-4,10
2360,51.52207,-4,10
2361,51.522296,-4,10
2362,51.514778,-4,10
2363,51.50341,-4,10
2369,51.478975,-4,10
2370,51.491831,-4,10
2378,51.418575,-4,10
2379,51.429928,-4,10
2380,51.455625,-4,10
2381,51.457,-4,10
2387,51.459484,-4,10
2388,51.453935,-4,10
2389,51.470001,-4,10
2390,51.455934,-4,10
2393,51.46331,-4,10
2394,51.498538,-4,10
2397,51.500716,-4,10
2402,51.498716,-4,10
2403,51.510717,-4,10
2404,51.505661,-4,10
2405,51.490129,-4,10
2406,51.51259,-4,10
2407,51.491632,-4,10
2408,51.501368,-4,10
2409,51.478505,-4,10
2410,51.521563,-4,10
2411,51.475701,-4,10
2414,51.514569,-4,10
2417,51.485229,-4,10
2418,51.478872,-4,10
2422,51.499622,-4,10
2423,51.476328,-4,10
2424,51.478271,-4,10
2425,51.481043,-4,10
2427,51.471498,-4,10
2430,51.493918,-4,10
2431,51.475419,-4,10
2432,51.455627,-4,10
2433,51.452692,-4,10
2435,51.464837,-4,10
2436,51.466425,-4,10
2438,51.433922,-4,10
2439,51.460582,-4,10
2440,51.448961,-4,10
2441,51.452514,-4,10
2442,51.424783,-4,10
2443,51.437132,-4,10
2444,51.442953,-4,10
2452,51.398097,-4,10
2455,51.369606,-4,10
2456,51.371005,-4,10
2458,51.393573,-4,10
2460,51.400131,-4,10
2463,51.382227,-4,10
2465,51.415336,-4,10
2468,51.418269,-4,10
2475,51.406882,-4,10
2479,51.421831,-4,10
2481,51.447105,-4,10
2482,51.445562,-4,10
2485,51.443337,-4,10
2486,51.419501,-4,10
2487,51.420729,-4,10
2488,51.4258,-4,10
2489,51.422518,-4,10
2491,51.41852,-4,10
2492,51.410536,-4,10
2493,51.413939,-4,10
2495,51.422888,-4,10
2497,51.40837,-4,10
2498,51.41028,-4,10
2499,51.435827,-4,10
2500,51.431199,-4,10
2501,51.426638,-4,10
2502,51.413763,-4,10
2503,51.397532,-4,10
2504,51.410224,-4,10
2505,51.395578,-4,10
2507,51.387829,-4,10
2508,51.422295,-4,10
2509,51.384186,-4,10
2510,51.412393,-4,10
2512,51.382884,-4,10
2513,51.389246,-4,10
2514,51.399494,-4,10
2515,51.357253,-4,10
2516,51.380132,-4,10
2517,51.357664,-4,10
2518,51.359817,-4,10
2519,51.361192,-4,10
2520,51.375822,-4,10
2524,51.367311,-4,10
2525,51.36065,-4,10
2528,51.314992,-4,10
2530,51.303119,-4,10
2531,51.315749,-4,10
2532,51.281814,-4,10
2533,51.315424,-4,10
2535,51.321471,-4,10
2537,51.323106,-4,10
2541,51.33056,-4,10
2542,51.342331,-4,10
2547,51.331701,-4,10
2548,51.328138,-4,10
2552,51.359835,-4,10
2553,51.371947,-4,10
2554,51.348162,-4,10
2557,51.367527,-4,10
2558,51.338468,-4,10
2560,51.3496,-4,10
2564,51.332862,-4,10
2567,51.345342,-4,10
2569,51.358422,-4,10
2570,51.372276,-4,10
2572,51.347588,-4,10
2573,51.358722,-4,10
2574,51.338869,-4,10
2575,51.327146,-4,10
2577,51.331424,-4,10
2578,51.359673,-4,10
2579,51.355791,-4,10
2580,51.339346,-4,10
2582,51.340891,-4,10
2583,51.317394,-4,10
2588,51.314563,-4,10
2590,51.322686,-4,10
2591,51.319019,-4,10
2592,51.293483,-4,10
2593,51.311607,-4,10
2595,51.321697,-4,10
2596,51.276409,-4,10
2598,51.269115,-4,10
2601,51.272003,-4,10
2602,51.270086,-4,10
2603,51.257181,-4,10
2604,51.278745,-4,10
2609,51.223945,-4,10
2610,51.230323,-4,10
2615,51.232288,-4,10
2616,51.254159,-4,10
2623,51.275466,-4,10
2628,51.249567,-4,10
2632,51.28761,-4,10
2633,51.292062,-4,10
2634,51.272719,-4,10
2635,51.26048,-4,10
2636,51.285246,-4,10
2638,51.2557,-4,10
2643,51.284731,-4,10
2644,51.299792,-4,10
2646,51.277342,-4,10
2647,51.257543,-4,10
2648,51.261457,-4,10
2649,51.289262,-4,10
2650,51.284451,-4,10
2651,51.290066,-4,10
2652,51.268886,-4,10
2654,51.264849,-4,10
2655,51.263705,-4,10
2656,51.268416,-4,10
2657,51.252903,-4,10
2659,51.264952,-4,10
2660,51.239934,-4,10
2661,51.260991,-4,10
2663,51.269655,-4,10
2664,51.240195,-4,10
2665,51.229493,-4,10
2666,51.254229,-4,10
2667,51.240281,-4,10
2668,51.239907,-4,10
2669,51.220457,-4,10
2670,51.251888,-4,10
2671,51.230516,-4,10
2672,51.219363,-4,10
2673,51.239318,-4,10
2674,51.214305,-4,10
2677,51.224541,-4,10
2679,51.2089,-4,10
2681,51.175218,-4,10
2682,51.184214,-4,10
2683,51.175468,-4,10
2684,51.196431,-4,10
2687,51.151621,-4,10
2690,51.159757,-4,10
2691,51.155291,-4,10
2697,51.153807,-4,10
2698,51.182977,-4,10
2700,51.204332,-4,10
2702,51.190904,-4,10
2704,51.183262,-4,10
2708,51.216419,-4,10
2712,51.196492,-4,10
2716,51.216165,-4,10
2717,51.215495,-4,10
2718,51.188477,-4,10
2719,51.221544,-4,10
2721,51.205217,-4,10
2724,51.225721,-4,10
2725,51.182495,-4,10
2726,51.192957,-4,10
2727,51.201531,-4,10
2728,51.199015,-4,10
2729,51.190102,-4,10
2730,51.198417,-4,10
2731,51.186367,-4,10
2732,51.205336,-4,10
2733,51.178033,-4,10
2734,51.188465,-4,10
2738,51.189908,-4,10
2739,51.177506,-4,10
2741,51.19384,-4,10
2742,51.181684,-4,10
2744,51.174174,-4,10
2745,51.187727,-4,10
2746,51.152785,-4,10
2747,51.159936,-4,10
2749,51.15962,-4,10
2751,51.139236,-4,10
2753,51.160279,-4,10
2755,51.118625,-4,10
2760,51.131194,-4,10
2761,51.109601,-4,10
2762,51.08334,-4,10
2764,51.054107,-4,10
2765,51.057132,-4,10
2766,51.094821,-4,10
2767,51.087421,-4,10
2770,51.083155,-4,10
2773,51.076673,-4,10
2776,51.104959,-4,10
2777,51.120764,-4,10
2779,51.131359,-4,10
2781,51.100083,-4,10
2787,51.142963,-4,10
2788,51.132681,-4,10
2790,51.139679,-4,10
2791,51.147251,-4,10
2792,51.116346,-4,10
2793,51.123748,-4,10
2794,51.123039,-4,10
2795,51.136443,-4,10
2798,51.145006,-4,10
2799,51.11391,-4,10
2803,51.113742,-4,10
2804,51.156549,-4,10
2805,51.15174,-4,10
2806,51.145001,-4,10
2807,51.144761,-4,10
2808,51.122626,-4,10
2809,51.145188,-4,10
2810,51.139146,-4,10
2811,51.129754,-4,10
2812,51.141468,-4,10
2813,51.126193,-4,10
2814,51.12272,-4,10
2815,51.115125,-4,10
2816,51.101748,-4,10
2817,51.118617,-4,10
2818,51.131299,-4,10
2822,51.101623,-4,10
2823,51.082665,-4,10
2825,51.087151,-4,10
2826,51.094384,-4,10
2827,51.103505,-4,10
2828,51.099118,-4,10
2829,51.089788,-4,10
2830,51.088508,-4,10
2833,51.065625,-4,10
2839,51.065321,-4,10
2840,51.043663,-4,10
2841,51.051108,-4,10
2844,50.981178,-4,10
2845,50.987151,-4,10
2847,51.01612,-4,10
2848,51.001508,-4,10
2849,51.04014,-4,10
2850,51.00758,-4,10
2851,51.026339,-4,10
2855,51.01528,-4,10
2857,51.03058,-4,10
2860,51.030315,-4,10
2869,51.066745,-4,10
2873,51.040206,-4,10
2874,51.05734,-4,10
2875,51.044857,-4,10
2880,51.062909,-4,10
2881,51.084781,-4,10
2883,51.078009,-4,10
2884,51.053202,-4,10
2885,51.064723,-4,10
2886,51.047106,-4,10
2887,51.050125,-4,10
2888,51.078891,-4,10
2889,51.060562,-4,10
2890,51.041069,-4,10
2891,51.07176,-4,10
2892,51.048895,-4,10
2893,51.056385,-4,10
2894,51.068419,-4,10
2895,51.036013,-4,10
2897,51.021678,-4,10
2898,51.031708,-4,10
2899,51.060579,-4,10
2900,51.036196,-4,10
2901,51.060821,-4,10
2902,51.034247,-4,10
2904,51.033205,-4,10
2905,51.032163,-4,10
2906,51.022887,-4,10
2907,50.995854,-4,10
2908,51.01602,-4,10
2909,51.03328,-4,10
2910,51.027015,-4,10
2912,50.998275,-4,10
2914,51.001352,-4,10
2915,50.980457,-4,10
2919,50.94391,-4,10
2920,50.921308,-4,10
2921,50.93847,-4,10
2922,50.943895,-4,10
2929,50.938854,-4,10
2931,50.954033,-4,10
2932,50.981405,-4,10
2936,50.973786,-4,10
2939,50.963627,-4,10
2942,50.973035,-4,10
2945,50.988626,-4,10
2946,51.0078,-4,10
2947,50.996196,-4,10
2948,51.007543,-4,10
2950,50.978307,-4,10
2956,50.980991,-4,10
2957,51.004475,-4,10
2958,51.000867,-4,10
2959,51.001923,-4,10
2960,50.97903,-4,10
2961,50.969145,-4,10
2962,50.994422,-4,10
2963,51.002858,-4,10
2965,50.993822,-4,10
2966,50.974896,-4,10
2967,50.982423,-4,10
2969,50.982917,-4,10
2971,50.996554,-4,10
2972,50.953247,-4,10
2973,50.961861,-4,10
2974,50.967707,-4,10
2976,50.96669,-4,10
2977,50.95475,-4,10
2978,50.966611,-4,10
2979,50.943869,-4,10
2980,50.926311,-4,10
2981,50.932387,-4,10
2982,50.94872,-4,10
2986,50.912234,-4,10
2987,50.933998,-4,10
2988,50.912572,-4,10
2992,50.90354,-4,10
2994,50.853784,-4,10
2996,50.873568,-4,10
2998,50.861022,-4,10
2999,50.865427,-4,10
3000,50.895253,-4,10
3005,50.879701,-4,10
3007,50.886593,-4,10
3008,50.893834,-4,10
3013,50.90312,-4,10
3014,50.919892,-4,10
3016,50.899707,-4,10
3018,50.913611,-4,10
3019,50.92792,-4,10
3022,50.935138,-4,10
3023,50.908332,-4,10
3029,50.919246,-4,10
3030,50.912818,-4,10
3033,50.898478,-4,10
3034,50.923109,-4,10
3035,50.930588,-4,10
3036,50.919722,-4,10
3037,50.926605,-4,10
3038,50.937583,-4,10
3039,50.911356,-4,10
3040,50.90736,-4,10
3043,50.923195,-4,10
3045,50.914632,-4,10
3047,50.923454,-4,10
3048,50.909271,-4,10
3050,50.88243,-4,10
3051,50.880812,-4,10
3052,50.888873,-4,10
3053,50.866854,-4,10
3055,50.892888,-4,10
3056,50.8613,-4,10
3058,50.880562,-4,10
3059,50.861298,-4,10
3060,50.84516,-4,10
3062,50.847856,-4,10
3066,50.784726,-4,10
3067,50.797962,-4,10
3068,50.809921,-4,10
3069,50.788221,-4,10
3070,50.798586,-4,10
3071,50.786203,-4,10
3074,50.809285,-4,10
3076,50.793703,-4,10
3090,50.865476,-4,10
3091,50.860903,-4,10
3092,50.841995,-4,10
3093,50.835182,-4,10
3094,50.852382,-4,10
3096,50.856109,-4,10
3097,50.855851,-4,10
3098,50.840799,-4,10
3099,50.858215,-4,10
3100,50.868044,-4,10
3101,50.854474,-4,10
3102,50.826769,-4,10
3106,50.841827,-4,10
3107,50.836771,-4,10
3110,50.823491,-4,10
3112,50.814602,-4,10
3113,50.827427,-4,10
3116,50.832175,-4,10
3117,50.813546,-4,10
3118,50.832039,-4,10
3119,50.818944,-4,10
3120,50.845686,-4,10
3121,50.81414,-4,10
3126,50.802234,-4,10
3129,50.812715,-4,10
3131,50.794223,-4,10
3133,50.787494,-4,10
3134,50.712003,-4,10
3138,50.716069,-4,10
3139,50.720882,-4,10
3140,50.71133,-4,10
3143,50.743768,-4,10
3145,50.746892,-4,10
3154,50.771976,-4,10
3155,50.764995,-4,10
3158,50.753623,-4,10
3161,50.765927,-4,10
3162,50.796674,-4,10
3163,50.780334,-4,10
3164,50.755181,-4,10
3165,50.782449,-4,10
3166,50.781898,-4,10
3167,50.80143,-4,10
3169,50.787819,-4,10
3170,50.764011,-4,10
3171,50.784608,-4,10
3175,50.795059,-4,10
3176,50.772786,-4,10
3177,50.781059,-4,10
3179,50.752626,-4,10
3180,50.755358,-4,10
3181,50.746584,-4,10
3182,50.764754,-4,10
3184,50.748315,-4,10
3185,50.739133,-4,10
3186,50.741462,-4,10
3187,50.74985,-4,10
3188,50.743257,-4,10
3189,50.754388,-4,10
3193,50.742454,-4,10
3197,50.728211,-4,10
3198,50.712252,-4,10
3200,50.665491,-4,10
3203,50.658292,-4,10
3204,50.638892,-4,10
3205,50.679553,-4,10
3206,50.654498,-4,10
3207,50.670365,-4,10
3209,50.670366,-4,10
3210,50.698992,-4,10
3217,50.672784,-4,10
3218,50.70269,-4,10
3221,50.71032,-4,10
3223,50.712219,-4,10
3224,50.701562,-4,10
3228,50.716114,-4,10
3230,50.698925,-4,10
3232,50.714372,-4,10
3235,50.719249,-4,10
3238,50.706644,-4,10
3242,50.711479,-4,10
3244,50.708824,-4,10
3245,50.718193,-4,10
3248,50.707464,-4,10
3251,50.696864,-4,10
3252,50.674758,-4,10
3254,50.669861,-4,10
3255,50.681409,-4,10
3256,50.689774,-4,10
3257,50.672364,-4,10
3258,50.667858,-4,10
3260,50.672244,-4,10
3263,50.649671,-4,10
3269,50.603435,-4,10
3271,50.572263,-4,10
3272,50.594423,-4,10
3275,50.58728,-4,10
3276,50.586523,-4,10
3280,50.642946,-4,10
3282,50.612561,-4,10
3285,50.631497,-4,10
3286,50.625985,-4,10
3288,50.646293,-4,10
3289,50.633694,-4,10
3290,50.649476,-4,10
3291,50.613535,-4,10
3292,50.6169,-4,10
3293,50.614407,-4,10
3294,50.639003,-4,10
3296,50.648691,-4,10
3301,50.643586,-4,10
3307,50.646383,-4,10
3309,50.613425,-4,10
3310,50.636017,-4,10
3311,50.642642,-4,10
3313,50.616086,-4,10
3314,50.602544,-4,10
3316,50.5991,-4,10
3317,50.610983,-4,10
3318,50.602459,-4,10
3319,50.624844,-4,10
3320,50.626408,-4,10
3325,50.586682,-4,10
3327,50.579663,-4,10
3329,50.498022,-4,10
3330,50.519184,-4,10
3332,50.506649,-4,10
3335,50.540691,-4,10
3337,50.522158,-4,10
3338,50.533005,-4,10
3340,50.535305,-4,10
3343,50.566263,-4,10
3346,50.53769,-4,10
3347,50.559992,-4,10
3351,50.531661,-4,10
3353,50.542395,-4,10
3355,50.564385,-4,10
3357,50.562994,-4,10
3360,50.551941,-4,10
3363,50.54707,-4,10
3364,50.564051,-4,10
3365,50.581688,-4,10
3367,50.552451,-4,10
3370,50.581358,-4,10
3374,50.575822,-4,10
3382,50.537827,-4,10
3386,50.542958,-4,10
3387,50.528004,-4,10
3388,50.511895,-4,10
3400,50.465941,-4,10
3402,50.476723,-4,10
3404,50.451088,-4,10
3406,50.477732,-4,10
3407,50.482067,-4,10
3410,50.489572,-4,10
3411,50.476858,-4,10
3414,50.497586,-4,10
3415,50.486498,-4,10
3416,50.505164,-4,10
3418,50.491511,-4,10
3419,50.483959,-4,10
3425,50.476061,-4,10
3428,50.473939,-4,10
3433,50.48853,-4,10
3435,50.48212,-4,10
3438,50.469736,-4,10
3439,50.482287,-4,10
3440,50.452998,-4,10
3448,50.376651,-4,10
3455,50.389008,-4,10
3459,50.375822,-4,10
3462,50.413937,-4,10
3463,50.387686,-4,10
3465,50.393624,-4,10
3468,50.427808,-4,10
3469,50.407773,-4,10
3470,50.426126,-4,10
3471,50.417057,-4,10
3472,50.422695,-4,10
3473,50.428249,-4,10
3474,50.415701,-4,10
3475,50.427272,-4,10
3476,50.415857,-4,10
3478,50.413585,-4,10
3479,50.421284,-4,10
3482,50.430173,-4,10
3483,50.405436,-4,10
3486,50.411006,-4,10
3487,50.401987,-4,10
3489,50.426356,-4,10
3492,50.434147,-4,10
3494,50.421827,-4,10
3496,50.408726,-4,10
3498,50.394005,-4,10
3499,50.400411,-4,10
3500,50.384512,-4,10
3502,50.302612,-4,10
3503,50.282399,-4,10
3504,50.284202,-4,10
3507,50.279237,-4,10
3511,50.316598,-4,10
3512,50.331469,-4,10
3514,50.321322,-4,10
3518,50.340883,-4,10
3520,50.348815,-4,10
3525,50.338508,-4,10
3526,50.349264,-4,10
3529,50.359665,-4,10
3531,50.360733,-4,10
3532,50.336443,-4,10
3537,50.36971,-4,10
3538,50.324407,-4,10
3539,50.356757,-4,10
3542,50.366146,-4,10
3544,50.325228,-4,10
3545,50.364229,-4,10
3546,50.352556,-4,10
3549,50.359352,-4,10
3551,50.354046,-4,10
3552,50.30961,-4,10
3553,50.31931,-4,10
3559,50.238761,-4,10
3562,50.212592,-4,10
3563,50.214084,-4,10
3564,50.218609,-4,10
3565,50.244263,-4,10
3570,50.236728,-4,10
3574,50.258511,-4,10
3575,50.25035,-4,10
3579,50.282084,-4,10
3580,50.267052,-4,10
3581,50.280252,-4,10
3586,50.272755,-4,10
3588,50.284249,-4,10
3589,50.282094,-4,10
3591,50.261603,-4,10
3593,50.26877,-4,10
3594,50.273792,-4,10
3596,50.262509,-4,10
3599,50.278106,-4,10
3602,50.272789,-4,10
3606,50.280128,-4,10
3607,50.257926,-4,10
3609,50.237002,-4,10
3610,50.130222,-4,10
3612,50.14315,-4,10
3615,50.1617,-4,10
3617,50.15293,-4,10
3622,50.182164,-4,10
3624,50.159817,-4,10
3625,50.160101,-4,10
3627,50.201682,-4,10
3632,50.198229,-4,10
3634,50.199459,-4,10
3635,50.213697,-4,10
3636,50.189462,-4,10
3646,50.199678,-4,10
3647,50.208461,-4,10
3649,50.215135,-4,10
3651,50.204459,-4,10
3652,50.20328,-4,10
3654,50.191453,-4,10
3658,50.192089,-4,10
3659,50.192018,-4,10
3660,50.194432,-4,10
3663,50.18218,-4,10
3664,50.089145,-4,10
3666,50.061739,-4,10
3671,50.092949,-4,10
3673,50.086176,-4,10
3676,50.093112,-4,10
3685,50.122977,-4,10
3686,50.107508,-4,10
3688,50.142698,-4,10
3689,50.105415,-4,10
3691,50.113969,-4,10
3696,50.140867,-4,10
3697,50.11266,-4,10
3698,50.127359,-4,10
3699,50.133183,-4,10
3700,50.150767,-4,10
3702,50.144582,-4,10
3704,50.143025,-4,10
3705,50.118206,-4,10
3706,50.102602,-4,10
3707,50.122349,-4,10
3708,50.116894,-4,10
3709,50.098648,-4,10
3710,50.137928,-4,10
3711,50.113436,-4,10
3712,50.125363,-4,10
3714,50.111411,-4,10
3718,50.106167,-4,10
3722,50.013325,-4,10
3723,49.9947,-4,10
3724,50.009919,-4,10
3726,50.012668,-4,10
3727,50.038372,-4,10
3728,50.022065,-4,10
3729,50.013042,-4,10
3737,50.034949,-4,10
3739,50.040965,-4,10
3748,50.060627,-4,10
3751,50.05373,-4,10
3752,50.0581,-4,10
3753,50.066137,-4,10
3754,50.070109,-4,10
3756,50.061448,-4,10
3760,50.064274,-4,10
3761,50.042414,-4,10
3763,50.063185,-4,10
3766,50.065459,-4,10
3767,50.062853,-4,10
3771,50.056571,-4,10
3773,50.044378,-4,10
3774,49.932393,-4,10
3776,49.946076,-4,10
3784,49.937154,-4,10
3785,49.974038,-4,10
3790,49.985656,-4,10
3792,49.955735,-4,10
3793,49.950211,-4,10
3795,49.963153,-4,10
3801,50.000176,-4,10
3805,49.971263,-4,10
3806,49.971006,-4,10
3808,50.003038,-4,10
3809,49.997523,-4,10
3810,49.9992,-4,10
3811,49.977237,-4,10
3812,50.002107,-4,10
3813,49.998516,-4,10
3816,49.987817,-4,10
3819,49.958477,-4,10
3820,49.954957,-4,10
3822,49.980507,-4,10
3826,49.982164,-4,10
3828,49.976733,-4,10
3831,49.843187,-4,10
3832,49.866096,-4,10
3834,49.867353,-4,10
3835,49.859081,-4,10
3836,49.850081,-4,10
3840,49.909439,-4,10
3842,49.87186,-4,10
3843,49.876869,-4,10
3845,49.905338,-4,10
3848,49.893769,-4,10
3854,49.897833,-4,10
3855,49.891872,-4,10
3860,49.914568,-4,10
3861,49.931306,-4,10
3863,49.900855,-4,10
3864,49.931666,-4,10
3865,49.922816,-4,10
3866,49.913484,-4,10
3869,49.898289,-4,10
3870,49.913334,-4,10
3873,49.927333,-4,10
3874,49.896714,-4,10
3876,49.915702,-4,10
3880,49.914593,-4,10
3885,49.892967,-4,10
3892,49.793311,-4,10
3893,49.827454,-4,10
3896,49.831541,-4,10
3898,49.845215,-4,10
3899,49.819828,-4,10
3900,49.823296,-4,10
3901,49.811485,-4,10
3902,49.840497,-4,10
3905,49.819903,-4,10
3906,49.83163,-4,10
3907,49.817698,-4,10
3908,49.853407,-4,10
3909,49.825695,-4,10
3914,49.839103,-4,10
3915,49.863476,-4,10
3916,49.839985,-4,10
3918,49.84413,-4,10
3919,49.855982,-4,10
3921,49.830523,-4,10
3924,49.855889,-4,10
3925,49.847634,-4,10
3927,49.845592,-4,10
3931,49.831927,-4,10
3932,49.848692,-4,10
3933,49.842905,-4,10
3934,49.842443,-4,10
3935,49.845447,-4,10
3936,49.815841,-4,10
3937,49.802651,-4,10
3938,49.81124,-4,10
3939,49.709627,-4,10
3940,49.716824,-4,10
3941,49.74021,-4,10
3946,49.744827,-4,10
3947,49.726585,-4,10
3948,49.722239,-4,10
3950,49.748448,-4,10
3952,49.755843,-4,10
3953,49.772536,-4,10
3954,49.745884,-4,10
3958,49.743596,-4,10
3959,49.741958,-4,10
3961,49.752932,-4,10
3963,49.777376,-4,10
3965,49.751534,-4,10
3966,49.770644,-4,10
3968,49.747944,-4,10
3970,49.791891,-4,10
3972,49.779501,-4,10
3974,49.752755,-4,10
3975,49.747752,-4,10
3978,49.769152,-4,10
3979,49.775614,-4,10
3984,49.767425,-4,10
3985,49.751192,-4,10
3986,49.758108,-4,10
3987,49.771534,-4,10
3988,49.749868,-4,10
3990,49.734368,-4,10
3998,49.680054,-4,10
4002,49.652368,-4,10
4003,49.674997,-4,10
4006,49.661861,-4,10
4008,49.699818,-4,10
4009,49.69394,-4,10
4010,49.694647,-4,10
4011,49.686343,-4,10
4013,49.707364,-4,10
4015,49.678388,-4,10
4018,49.673109,-4,10
4019,49.693806,-4,10
4020,49.685242,-4,10
4021,49.685806,-4,10
4023,49.697949,-4,10
4025,49.716914,-4,10
4026,49.687065,-4,10
4027,49.672939,-4,10
4034,49.684065,-4,10
4036,49.692788,-4,10
4039,49.711118,-4,10
4047,49.570177,-4,10
4048,49.586423,-4,10
4053,49.579423,-4,10
4062,49.604207,-4,10
4064,49.617005,-4,10
4067,49.624997,-4,10
4068,49.604949,-4,10
4069,49.622612,-4,10
4071,49.597726,-4,10
4073,49.604371,-4,10
4074,49.60844,-4,10
4078,49.638925,-4,10
4079,49.619404,-4,10
4080,49.628713,-4,10
4084,49.648413,-4,10
4086,49.602026,-4,10
4089,49.616202,-4,10
4090,49.646332,-4,10
4091,49.61217,-4,10
4093,49.61703,-4,10
4094,49.605075,-4,10
4095,49.601655,-4,10
4099,49.601856,-4,10
4102,49.591666,-4,10
4103,49.50782,-4,10
4104,49.478786,-4,10
4105,49.478326,-4,10
4107,49.528447,-4,10
4110,49.515759,-4,10
4111,49.500703,-4,10
4114,49.527604,-4,10
4120,49.51869,-4,10
4123,49.565791,-4,10
4131,49.569506,-4,10
4133,49.531559,-4,10
4134,49.54733,-4,10
4135,49.558042,-4,10
4137,49.548506,-4,10
4138,49.533613,-4,10
4140,49.570204,-4,10
4144,49.557005,-4,10
4147,49.558989,-4,10
4148,49.535317,-4,10
4149,49.553941,-4,10
4150,49.545311,-4,10
4153,49.546681,-4,10
4155,49.519965,-4,10
4156,49.517098,-4,10
4159,49.504052,-4,10
4163,49.436475,-4,10
4165,49.422896,-4,10
4168,49.471395,-4,10
4174,49.469729,-4,10
4180,49.475727,-4,10
4186,49.465452,-4,10
4187,49.481992,-4,10
4189,49.4897,-4,10
4191,49.506085,-4,10
4192,49.498767,-4,10
4193,49.469214,-4,10
4194,49.471482,-4,10
4199,49.493914,-4,10
4201,49.458225,-4,10
4204,49.495406,-4,10
4206,49.493305,-4,10
4207,49.456239,-4,10
4208,49.470398,-4,10
4210,49.460746,-4,10
4211,49.475423,-4,10
4212,49.433061,-4,10
4214,49.447349,-4,10
4215,49.351704,-4,10
4217,49.365061,-4,10
4219,49.358922,-4,10
4224,49.364854,-4,10
4229,49.374613,-4,10
4233,49.410848,-4,10
4235,49.388876,-4,10
4236,49.411917,-4,10
4238,49.407672,-4,10
4239,49.418851,-4,10
4240,49.400808,-4,10
4241,49.428044,-4,10
4242,49.416939,-4,10
4243,49.397434,-4,10
4246,49.39169,-4,10
4248,49.398363,-4,10
4249,49.390939,-4,10
4250,49.39938,-4,10
4251,49.422008,-4,10
4252,49.405194,-4,10
4254,49.417296,-4,10
4258,49.40619,-4,10
4259,49.424161,-4,10
4263,49.402393,-4,10
4266,49.385549,-4,10
4267,49.386403,-4,10
4268,49.401223,-4,10
4269,49.376,-4,10
4270,49.397041,-4,10
4271,49.270926,-4,10
4272,49.31034,-4,10
4277,49.295865,-4,10
4278,49.300121,-4,10
4287,49.313996,-4,10
4290,49.330874,-4,10
4291,49.327077,-4,10
4294,49.330665,-4,10
4295,49.336273,-4,10
4297,49.322995,-4,10
4298,49.320733,-4,10
4300,49.329915,-4,10
4301,49.334346,-4,10
4302,49.327369,-4,10
4304,49.363543,-4,10
4305,49.359824,-4,10
4308,49.344105,-4,10
4311,49.336107,-4,10
4314,49.320105,-4,10
4327,49.30391,-4,10
4332,49.232878,-4,10
4333,49.242042,-4,10
4334,49.213455,-4,10
4336,49.231836,-4,10
4338,49.218627,-4,10
4344,49.254982,-4,10
4345,49.254638,-4,10
4346,49.283173,-4,10
4348,49.25258,-4,10
4351,49.243446,-4,10
4352,49.273054,-4,10
4353,49.253748,-4,10
4357,49.274726,-4,10
4358,49.279005,-4,10
4360,49.273192,-4,10
4362,49.280822,-4,10
4363,49.260003,-4,10
4365,49.265948,-4,10
4367,49.248467,-4,10
4371,49.26878,-4,10
4373,49.273886,-4,10
4377,49.252069,-4,10
4378,49.225272,-4,10
4382,49.256827,-4,10
4383,49.256761,-4,10
4385,49.208477,-4,10
4387,49.167725,-4,10
4389,49.17993,-4,10
4390,49.174264,-4,10
4395,49.168146,-4,10
4396,49.194025,-4,10
4398,49.208571,-4,10
4400,49.193456,-4,10
4401,49.192162,-4,10
4402,49.18255,-4,10
4403,49.208191,-4,10
4405,49.204749,-4,10
4407,49.190426,-4,10
4408,49.195864,-4,10
4409,49.171021,-4,10
4411,49.212422,-4,10
4412,49.18431,-4,10
4413,49.170236,-4,10
4415,49.212949,-4,10
4417,49.170438,-4,10
4418,49.18533,-4,10
4419,49.205629,-4,10
4425,49.201533,-4,10
4427,49.18036,-4,10
4428,49.172378,-4,10
4429,49.17438,-4,10
4430,49.167148,-4,10
4433,49.18638,-4,10
4436,49.146532,-4,10
4437,49.154759,-4,10
4439,49.168505,-4,10
4446,49.109132,-4,10
4447,49.112423,-4,10
4448,49.099869,-4,10
4451,49.091022,-4,10
4452,49.114159,-4,10
4453,49.134027,-4,10
4456,49.096801,-4,10
4461,49.129113,-4,10
4462,49.107356,-4,10
4466,49.118003,-4,10
4471,49.128346,-4,10
4474,49.123928,-4,10
4475,49.100767,-4,10
4476,49.090914,-4,10
4477,49.102991,-4,10
4479,49.117935,-4,10
4483,49.123294,-4,10
4484,49.082239,-4,10
4488,49.110202,-4,10
4498,49.02197,-4,10
4501,49.065023,-4,10
4505,49.067594,-4,10
4506,49.045561,-4,10
4507,49.054283,-4,10
4513,49.03426,-4,10
4514,49.06705,-4,10
4517,49.049282,-4,10
4518,49.061321,-4,10
4519,49.05522,-4,10
4520,49.052259,-4,10
4521,49.060137,-4,10
4522,49.031807,-4,10
4523,49.042132,-4,10
4524,49.0448,-4,10
4527,49.060633,-4,10
4528,49.022034,-4,10
4531,49.023684,-4,10
4533,49.007915,-4,10
4539,49.021742,-4,10
4540,49.016959,-4,10
4543,49.021438,-4,10
4547,48.986762,-4,10
4550,48.973836,-4,10
4551,48.978407,-4,10
4552,48.986216,-4,10
4553,48.995252,-4,10
4554,48.990215,-4,10
4559,48.988759,-4,10
4560,48.975316,-4,10
4561,48.959951,-4,10
4562,48.960641,-4,10
4564,48.979657,-4,10
4565,48.980151,-4,10
4566,48.963838,-4,10
4568,48.960935,-4,10
4569,48.954957,-4,10
4574,48.960252,-4,10
4578,48.964088,-4,10
4579,48.95433,-4,10
4580,48.935247,-4,10
4582,48.935783,-4,10
4583,48.953835,-4,10
4585,48.959302,-4,10
4588,48.931644,-4,10
4593,48.8676,-4,10
4599,48.908219,-4,10
4600,48.885253,-4,10
4601,48.919434,-4,10
4603,48.879817,-4,10
4604,48.928694,-4,10
4610,48.901084,-4,10
4611,48.891426,-4,10
4612,48.928708,-4,10
4613,48.902851,-4,10
4614,48.884808,-4,10
4615,48.905038,-4,10
4616,48.910836,-4,10
4617,48.927034,-4,10
4618,48.924744,-4,10
4619,48.905975,-4,10
4620,48.916417,-4,10
4625,48.889183,-4,10
4626,48.910519,-4,10
4627,48.889097,-4,10
4628,48.884378,-4,10
4630,48.900676,-4,10
4631,48.873668,-4,10
4632,48.857711,-4,10
4633,48.864783,-4,10
4634,48.871464,-4,10
4636,48.858139,-4,10
4637,48.869104,-4,10
4638,48.873997,-4,10
4639,48.841904,-4,10
4641,48.878544,-4,10
4645,48.823684,-4,10
4651,48.821136,-4,10
4653,48.82853,-4,10
4655,48.820297,-4,10
4656,48.840298,-4,10
4657,48.844175,-4,10
4661,48.84309,-4,10
4662,48.836559,-4,10
4664,48.838839,-4,10
4666,48.848887,-4,10
4667,48.815285,-4,10
4668,48.839851,-4,10
4669,48.834392,-4,10
4672,48.829934,-4,10
4673,48.835425,-4,10
4674,48.804487,-4,10
4675,48.802002,-4,10
4676,48.834588,-4,10
4677,48.813466,-4,10
4683,48.800789,-4,10
4684,48.810157,-4,10
4685,48.785942,-4,10
4686,48.821544,-4,10
4687,48.809135,-4,10
4690,48.810616,-4,10
4691,48.774649,-4,10
4693,48.790176,-4,10
4694,48.771053,-4,10
4695,48.777605,-4,10
4698,48.746906,-4,10
4704,48.781081,-4,10
4706,48.782945,-4,10
4709,48.743277,-4,10
4710,48.761497,-4,10
4712,48.756435,-4,10
4713,48.753993,-4,10
4717,48.762194,-4,10
4720,48.748967,-4,10
4724,48.74532,-4,10
4725,48.742095,-4,10
4729,48.74733,-4,10
4730,48.763652,-4,10
4733,48.762683,-4,10
4734,48.747524,-4,10
4739,48.723841,-4,10
4740,48.746318,-4,10
4741,48.712996,-4,10
4743,48.744321,-4,10
4745,48.703508,-4,10
4746,48.712992,-4,10
4750,48.716528,-4,10
4752,48.68072,-4,10
4756,48.67768,-4,10
4757,48.676415,-4,10
4759,48.700104,-4,10
4760,48.692526,-4,10
4764,48.687556,-4,10
4765,48.687247,-4,10
4766,48.708116,-4,10
4770,48.667911,-4,10
4773,48.675757,-4,10
4776,48.67795,-4,10
4777,48.681753,-4,10
4779,48.690067,-4,10
4781,48.700581,-4,10
4782,48.692368,-4,10
4783,48.702991,-4,10
4786,48.658005,-4,10
4787,48.672774,-4,10
4788,48.687238,-4,10
4789,48.658558,-4,10
4790,48.678709,-4,10
4792,48.677755,-4,10
4793,48.654771,-4,10
4794,48.681729,-4,10
4795,48.666287,-4,10
4798,48.660013,-4,10
4800,48.634089,-4,10
4801,48.660166,-4,10
4802,48.637473,-4,10
4803,48.655941,-4,10
4804,48.648768,-4,10
4807,48.587509,-4,10
4824,48.623519,-4,10
4825,48.624715,-4,10
4826,48.629934,-4,10
4828,48.64542,-4,10
4829,48.615219,-4,10
4830,48.604226,-4,10
4831,48.643604,-4,10
4832,48.62578,-4,10
4833,48.638428,-4,10
4834,48.622478,-4,10
4835,48.632148,-4,10
4836,48.603848,-4,10
4839,48.614069,-4,10
4841,48.619103,-4,10
4842,48.599411,-4,10
4843,48.623361,-4,10
4844,48.577649,-4,10
4846,48.576402,-4,10
4848,48.585176,-4,10
4849,48.602265,-4,10
4850,48.564073,-4,10
4851,48.595203,-4,10
4854,48.584,-4,10
4855,48.557114,-4,10
4858,48.562892,-4,10
4859,48.524104,-4,10
4860,48.52492,-4,10
4863,48.537869,-4,10
4868,48.555287,-4,10
4869,48.52119,-4,10
4871,48.549782,-4,10
4873,48.544375,-4,10
4876,48.540472,-4,10
4877,48.544951,-4,10
4880,48.56388,-4,10
4883,48.555189,-4,10
4884,48.563777,-4,10
4886,48.538433,-4,10
4887,48.547608,-4,10
4889,48.559929,-4,10
4890,48.560818,-4,10
4891,48.519588,-4,10
4892,48.524756,-4,10
4894,48.543457,-4,10
4895,48.519567,-4,10
4896,48.533526,-4,10
4897,48.515536,-4,10
4898,48.533259,-4,10
4899,48.510828,-4,10
4900,48.524343,-4,10
4901,48.536021,-4,10
4902,48.496607,-4,10
4904,48.504452,-4,10
4907,48.485577,-4,10
4909,48.510885,-4,10
4910,48.471908,-4,10
4912,48.442944,-4,10
4918,48.487946,-4,10
4920,48.442739,-4,10
4922,48.46035,-4,10
4925,48.487835,-4,10
4928,48.464782,-4,10
4929,48.484841,-4,10
4930,48.478442,-4,10
4931,48.49632,-4,10
4932,48.478762,-4,10
4933,48.454038,-4,10
4934,48.481309,-4,10
4935,48.478149,-4,10
4937,48.493139,-4,10
4942,48.45533,-4,10
4943,48.473613,-4,10
4945,48.486994,-4,10
4946,48.487127,-4,10
4947,48.462208,-4,10
4948,48.463835,-4,10
4949,48.453139,-4,10
4951,48.441938,-4,10
4952,48.457996,-4,10
4953,48.463357,-4,10
4954,48.463938,-4,10
4955,48.454238,-4,10
4957,48.452135,-4,10
4958,48.421216,-4,10
4960,48.428768,-4,10
4961,48.416341,-4,10
4962,48.429947,-4,10
4963,48.421206,-4,10
4964,48.397446,-4,10
4965,48.373711,-4,10
4966,48.404402,-4,10
4969,48.410065,-4,10
4973,48.421081,-4,10
4975,48.39523,-4,10
4976,48.425041,-4,10
4977,48.39027,-4,10
4978,48.399844,-4,10
4979,48.417262,-4,10
4981,48.423391,-4,10
4982,48.417526,-4,10
4983,48.381745,-4,10
4987,48.39476,-4,10
4988,48.405403,-4,10
4990,48.406245,-4,10
4991,48.416204,-4,10
4992,48.387454,-4,10
4993,48.391806,-4,10
4995,48.391516,-4,10
4996,48.376676,-4,10
4997,48.391451,-4,10
4998,48.390915,-4,10
5002,48.412787,-4,10
5003,48.391972,-4,10
5004,48.370419,-4,10
5005,48.395359,-4,10
5007,48.391738,-4,10
5008,48.367994,-4,10
5010,48.344998,-4,10
5011,48.361895,-4,10
5012,48.367649,-4,10
5013,48.340045,-4,10
5014,48.34132,-4,10
5015,48.36214,-4,10
5022,48.30248,-4,10
5023,48.329544,-4,10
5024,48.304113,-4,10
5026,48.336085,-4,10
5030,48.328053,-4,10
5031,48.314753,-4,10
5033,48.347825,-4,10
5038,48.337702,-4,10
5040,48.313747,-4,10
5042,48.335639,-4,10
5043,48.354198,-4,10
5046,48.345865,-4,10
5047,48.302009,-4,10
5048,48.303663,-4,10
5049,48.337257,-4,10
5051,48.315003,-4,10
5054,48.331732,-4,10
5055,48.312859,-4,10
5056,48.323384,-4,10
5057,48.309583,-4,10
5059,48.28134,-4,10
5060,48.298907,-4,10
5061,48.282463,-4,10
5065,48.266495,-4,10
5066,48.221878,-4,10
5067,48.255922,-4,10
5070,48.237038,-4,10
5071,48.247216,-4,10
5072,48.253435,-4,10
5073,48.275177,-4,10
5074,48.272234,-4,10
5076,48.269319,-4,10
5080,48.236834,-4,10
5081,48.255726,-4,10
5084,48.263545,-4,10
5088,48.246265,-4,10
5090,48.238915,-4,10
5091,48.267692,-4,10
5096,48.264601,-4,10
5097,48.244873,-4,10
5098,48.249703,-4,10
5102,48.229426,-4,10
5103,48.24124,-4,10
5104,48.268509,-4,10
5108,48.227075,-4,10
5109,48.234353,-4,10
5110,48.220146,-4,10
5111,48.223635,-4,10
5114,48.231396,-4,10
5115,48.175385,-4,10
5116,48.171178,-4,10
5117,48.165084,-4,10
5121,48.162091,-4,10
5122,48.165157,-4,10
5123,48.183349,-4,10
5124,48.200785,-4,10
5128,48.192069,-4,10
5130,48.187875,-4,10
5131,48.181005,-4,10
5132,48.171124,-4,10
5133,48.181512,-4,10
5134,48.179144,-4,10
5135,48.186076,-4,10
5136,48.20523,-4,10
5137,48.202177,-4,10
5138,48.202635,-4,10
5139,48.171319,-4,10
5140,48.175499,-4,10
5141,48.17923,-4,10
5144,48.200772,-4,10
5145,48.173316,-4,10
5146,48.196628,-4,10
5148,48.162451,-4,10
5150,48.167873,-4,10
5152,48.18247,-4,10
5153,48.175602,-4,10
5154,48.170628,-4,10
5155,48.159571,-4,10
5157,48.154697,-4,10
5159,48.173041,-4,10
5162,48.170672,-4,10
5163,48.103918,-4,10
5164,48.07366,-4,10
5165,48.108379,-4,10
5166,48.082354,-4,10
5168,48.092018,-4,10
5176,48.092335,-4,10
5178,48.117287,-4,10
5180,48.133359,-4,10
5181,48.111458,-4,10
5182,48.105956,-4,10
5183,48.103701,-4,10
5184,48.105008,-4,10
5186,48.123664,-4,10
5187,48.116852,-4,10
5189,48.133296,-4,10
5191,48.128052,-4,10
5192,48.118531,-4,10
5193,48.108836,-4,10
5203,48.102744,-4,10
5204,48.10386,-4,10
5207,48.110978,-4,10
5208,48.100235,-4,10
5209,48.093926,-4,10
5211,47.997812,-4,10
5214,48.006712,-4,10
5216,48.017293,-4,10
5218,48.023752,-4,10
5219,48.040955,-4,10
5223,48.043719,-4,10
5227,48.031336,-4,10
5228,48.063655,-4,10
5229,48.06524,-4,10
5230,48.03915,-4,10
5231,48.040239,-4,10
5233,48.065558,-4,10
5236,48.048846,-4,10
5237,48.032571,-4,10
5238,48.035704,-4,10
5239,48.046511,-4,10
5240,48.01989,-4,10
5241,48.058676,-4,10
5251,48.034405,-4,10
5252,48.014502,-4,10
5254,48.033576,-4,10
5255,47.996753,-4,10
5256,48.036527,-4,10
5257,47.994922,-4,10
5259,48.005699,-4,10
5260,47.948442,-4,10
5261,47.946958,-4,10
5262,47.952881,-4,10
5265,47.934994,-4,10
5267,47.950916,-4,10
5271,47.968566,-4,10
5274,47.966417,-4,10
5277,47.959408,-4,10
5278,47.987513,-4,10
5279,47.982573,-4,10
5280,47.964998,-4,10
5281,47.951467,-4,10
5282,47.997081,-4,10
5283,47.970552,-4,10
5284,47.969699,-4,10
5285,47.94481,-4,10
5286,47.979162,-4,10
5288,47.979536,-4,10
5290,47.961861,-4,10
5300,47.943409,-4,10
5304,47.921214,-4,10
5308,47.927946,-4,10
5311,47.89132,-4,10
5315,47.883746,-4,10
5317,47.867444,-4,10
5318,47.877947,-4,10
5319,47.886251,-4,10
5321,47.872633,-4,10
5323,47.88205,-4,10
5324,47.911612,-4,10
5327,47.903413,-4,10
5328,47.891401,-4,10
5329,47.9009,-4,10
5331,47.893471,-4,10
5334,47.903169,-4,10
5335,47.880497,-4,10
5336,47.877592,-4,10
5337,47.885345,-4,10
5338,47.884773,-4,10
5339,47.900434,-4,10
5343,47.883269,-4,10
5344,47.873213,-4,10
5347,47.871961,-4,10
5348,47.903202,-4,10
5349,47.89606,-4,10
5350,47.875912,-4,10
5351,47.898642,-4,10
5352,47.870009,-4,10
5353,47.893151,-4,10
5354,47.878268,-4,10
5358,47.840795,-4,10
5359,47.850011,-4,10
5360,47.868342,-4,10
5363,47.792689,-4,10
5364,47.823792,-4,10
5366,47.814025,-4,10
5370,47.812576,-4,10
5371,47.810597,-4,10
5372,47.830394,-4,10
5374,47.830085,-4,10
5375,47.826926,-4,10
5378,47.815119,-4,10
5379,47.846828,-4,10
5380,47.84744,-4,10
5382,47.818872,-4,10
5383,47.843217,-4,10
5385,47.829488,-4,10
5386,47.845906,-4,10
5388,47.81055,-4,10
5389,47.833934,-4,10
5390,47.827525,-4,10
5391,47.810689,-4,10
5392,47.814288,-4,10
5394,47.816252,-4,10
5399,47.82162,-4,10
5400,47.833982,-4,10
5401,47.811225,-4,10
5402,47.816731,-4,10
5405,47.801473,-4,10
5406,47.806112,-4,10
5407,47.804073,-4,10
5411,47.804288,-4,10
5412,47.726807,-4,10
5415,47.721428,-4,10
5420,47.731827,-4,10
5422,47.769252,-4,10
5424,47.775823,-4,10
5426,47.769527,-4,10
5427,47.770669,-4,10
5431,47.762798,-4,10
5432,47.768197,-4,10
5435,47.74735,-4,10
5438,47.750959,-4,10
5439,47.729093,-4,10
5441,47.737189,-4,10
5444,47.741983,-4,10
5445,47.768424,-4,10
5446,47.726413,-4,10
5447,47.752676,-4,10
5450,47.76433,-4,10
5451,47.740562,-4,10
5462,47.651324,-4,10
5463,47.647592,-4,10
5468,47.666091,-4,10
5469,47.655517,-4,10
5471,47.685554,-4,10
5475,47.685104,-4,10
5477,47.695676,-4,10
5480,47.688481,-4,10
5482,47.668775,-4,10
5483,47.681028,-4,10
5484,47.673317,-4,10
5493,47.682328,-4,10
5497,47.661228,-4,10
5498,47.672505,-4,10
5506,47.604859,-4,10
5507,47.602826,-4,10
5509,47.586167,-4,10
5517,47.605478,-4,10
5518,47.632042,-4,10
5520,47.617001,-4,10
5524,47.628493,-4,10
5539,47.584574,-4,10
5543,47.562963,-4,10
5555,47.474815,-4,10
5556,47.472652,-4,10
6000,53.814175,-4,10
6001,53.780569,-4,10
6002,53.772522,-4,10
6004,53.548336,-4,10
6005,53.538228,-4,10
6006,53.604055,-4,10
6007,53.477072,-4,10
6008,53.500831,-4,10
6009,53.506865,-4,10
6010,53.490509,-4,10
6011,53.53027,-4,10
6012,53.534647,-4,10
6013,53.425669,-4,10
6014,53.416272,-4,10
6015,53.456236,-4,10
6016,53.349747,-4,10
6017,53.34111,-4,10
6018,53.348606,-4,10
6019,53.349619,-4,10
6020,53.356545,-4,10
6021,53.372239,-4,10
6023,53.349679,-4,10
6024,53.385629,-4,10
6025,53.379778,-4,10
6026,53.27431,-4,10
6027,53.301464,-4,10
6028,53.274894,-4,10
6029,53.301219,-4,10
6030,53.270346,-4,10
6031,53.298425,-4,10
6032,53.306764,-4,10
6033,53.283478,-4,10
6034,53.212655,-4,10
6035,53.226166,-4,10
6036,53.215302,-4,10
6037,53.238982,-4,10
6038,53.240733,-4,10
6039,53.241352,-4,10
6040,53.130459,-4,10
6041,53.127011,-4,10
6042,53.124939,-4,10
6043,53.128129,-4,10
6044,53.053866,-4,10
6045,53.047679,-4,10
6046,53.065591,-4,10
6047,53.074127,-4,10
6048,53.063611,-4,10
6049,53.085673,-4,10
6050,53.067635,-4,10
6051,53.097394,-4,10
6052,53.06535,-4,10
6055,52.984837,-4,10
6056,52.993216,-4,10
6057,52.987033,-4,10
6058,53.014097,-4,10
6059,52.99362,-4,10
6060,52.893463,-4,10
6061,52.905593,-4,10
6062,52.935711,-4,10
6063,52.954623,-4,10
6064,52.934596,-4,10
6065,52.942757,-4,10
6066,52.960879,-4,10
6067,52.926884,-4,10
6068,52.922869,-4,10
6069,52.944946,-4,10
6070,52.939336,-4,10
6071,52.918444,-4,10
6072,52.926065,-4,10
6073,52.854075,-4,10
6075,52.831642,-4,10
6077,52.838672,-4,10
6078,52.867305,-4,10
6079,52.873332,-4,10
6080,52.859661,-4,10
6081,52.845309,-4,10
6082,52.760801,-4,10
6083,52.760399,-4,10
6084,52.778905,-4,10
6085,52.686642,-4,10
6086,52.679306,-4,10
6087,52.686986,-4,10
6088,52.714932,-4,10
6089,52.725731,-4,10
6090,52.702102,-4,10
6091,52.617174,-4,10
6092,52.631943,-4,10
6093,52.610977,-4,10
6094,52.640998,-4,10
6095,52.626916,-4,10
6096,52.628442,-4,10
6097,52.656136,-4,10
6098,52.62133,-4,10
6099,52.64838,-4,10
6100,52.623542,-4,10
6101,52.543136,-4,10
6102,52.57184,-4,10
6103,52.567514,-4,10
6104,52.582513,-4,10
6105,52.560962,-4,10
6106,52.5885,-4,10
6107,52.555522,-4,10
6108,52.583743,-4,10
6109,52.465036,-4,10
6111,52.466992,-4,10
6112,52.505277,-4,10
6113,52.524872,-4,10
6114,52.491523,-4,10
6115,52.516504,-4,10
6116,52.511864,-4,10
6117,52.426794,-4,10
6119,52.437993,-4,10
6120,52.450747,-4,10
6121,52.454134,-4,10
6122,52.43173,-4,10
6123,52.32612,-4,10
6124,52.335599,-4,10
6125,52.345503,-4,10
6126,52.34591,-4,10
6127,52.363653,-4,10
6130,52.344525,-4,10
6131,52.36369,-4,10
6132,52.344435,-4,10
6133,52.265916,-4,10
6134,52.28546,-4,10
6135,52.288801,-4,10
6136,52.18792,-4,10
6137,52.23709,-4,10
6138,52.217393,-4,10
6139,52.192434,-4,10
6140,52.187987,-4,10
6141,52.137383,-4,10
6142,52.155553,-4,10
6143,52.146369,-4,10
6144,52.1428,-4,10
6145,52.148059,-4,10
6146,52.055261,-4,10
6147,52.077801,-4,10
6148,52.065008,-4,10
6149,52.075244,-4,10
6150,51.998024,-4,10
6151,51.944915,-4,10
6152,51.935774,-4,10
6153,51.943324,-4,10
6154,51.936766,-4,10
6155,51.841622,-4,10
6156,51.86292,-4,10
6157,51.832396,-4,10
6158,51.706755,-4,10
6160,51.700036,-4,10
6161,51.645289,-4,10
6162,51.568756,-4,10
6163,51.588571,-4,10
6164,51.497296,-4,10
6165,50.665337,-4,10
6166,50.531612,-4,10
6167,50.438399,-4,10
6168,50.367235,-4,10
6169,50.400964,-4,10
6171,50.285435,-4,10
6172,50.304793,-4,10
6173,50.235832,-4,10
6174,50.231958,-4,10
6175,50.235001,-4,10
6176,50.271048,-4,10
6177,50.180345,-4,10
6178,49.929892,-4,10
6179,49.933775,-4,10
6180,49.931175,-4,10
6181,49.967309,-4,10
6182,49.947776,-4,10
6183,49.953651,-4,10
6184,49.876573,-4,10
6185,49.886271,-4,10
6186,49.811249,-4,10
6187,49.79851,-4,10
6188,49.82572,-4,10
6189,49.709484,-4,10
6190,49.62915,-4,10
6191,49.685036,-4,10
6192,49.692397,-4,10
6193,49.619376,-4,10
6194,49.580665,-4,10
6195,49.508564,-4,10
6196,49.524498,-4,10
6197,49.556585,-4,10
6198,49.5642,-4,10
6199,49.557826,-4,10
6200,49.44911,-4,10
6201,49.461319,-4,10
6202,49.471779,-4,10
6203,49.402537,-4,10
6204,49.323384,-4,10
6205,49.251206,-4,10
6207,49.236101,-4,10
6208,49.240987,-4,10
6210,49.186116,-4,10
6211,53.522595,-4,10
